date,close,strength,score6,vol20,raw_target,cap,target,equity,dd,trade_usd,auto,stale
2026-09-26,84416.65,0.525,6,0.446,0.7000000000000001,1.0,0.7000000000000001,10000,0.0,7000,True,False
2026-09-27,84462.14,0.539,6,0.439,0.75,1.0,0.75,9990,-0.001,0,True,False
2026-09-28,83456.74,0.482,6,0.441,0.65,1.0,0.65,9906,-0.0094,0,True,False
2026-09-29,83638.42,0.496,5,0.441,0.65,1.0,0.65,9921,-0.0079,0,True,False
2026-09-30,83556.14,0.498,5,0.426,0.7000000000000001,1.0,0.7000000000000001,9915,-0.0085,0,True,False
2026-10-01,84848.73,0.541,5,0.428,0.75,1.0,0.75,10022,0.0,0,True,False
2026-10-02,84504.88,0.511,5,0.429,0.7000000000000001,1.0,0.7000000000000001,9993,-0.0028,0,True,False
2026-10-03,84742.22,0.527,5,0.427,0.75,1.0,0.75,10013,-0.0009,0,True,False
2026-10-04,86507.11,0.58,5,0.429,0.8,1.0,0.8,10159,0.0,0,True,False
2026-10-05,85748.96,0.574,5,0.397,0.8500000000000001,1.0,0.8500000000000001,10096,-0.0062,1472,True,False
2026-10-06,85539.77,0.553,5,0.399,0.8500000000000001,1.0,0.8500000000000001,10073,-0.0085,0,True,False
