family,objective,final,cagr,maxdd,sharpe,calmar,worst_month,trades,avg_exp,halts,n_param_sets,y2021,y2022,y2023,y2024,y2025,y2026,pass
F1 离散趋势分(V1),sharpe_calmar,16770.173609379006,0.08319349503570561,-0.2716963328345292,0.519223708108066,0.306200286797293,-0.07383257935842358,370,0.22672046956625794,1,2,0.19704113173736704,-0.13462828179918362,0.23798418028399082,0.3222714003819993,-0.07445246650505755,0.06854141637610733,False
F1 离散趋势分(V1),cagr_sharpe,15859.948877941923,0.07269597605212064,-0.31607659600638816,0.4602648364389504,0.2299948081276204,-0.07383257935842358,348,0.23999541567309357,1,3,0.19704113173736704,-0.13462828179918362,0.1466304584410847,0.3501326823217492,-0.07445246650505788,0.06854141637610733,False
F1 离散趋势分(V1),cagr,18094.41116906303,0.09765557040337347,-0.2818527787125005,0.56437639139467,0.34647723130303254,-0.08728827291111607,367,0.24831275853460455,1,4,0.19704113173736704,-0.13462828179918362,0.3796444541790407,0.2801929062162818,-0.07445246650505855,0.06854141637610733,False
F3 趋势分+研究增强,sharpe_calmar,20425.218851730446,0.12111254251633086,-0.2628506631031693,0.646892627698015,0.4607655962762171,-0.07383257935842358,412,0.2860997855774681,1,6,0.19704113173736704,-0.1326557340279092,0.3398978439032072,0.4406491019095957,-0.08460938732970513,0.11334503787554562,False
F3 趋势分+研究增强,cagr_sharpe,19443.874803635197,0.11152056077169314,-0.26760040625444625,0.6177300677178144,0.41674286796730226,-0.07383257935842358,442,0.30113284666532164,1,4,0.19704113173736704,-0.1326557340279092,0.25310508781369334,0.43650913300419103,-0.07183583038940644,0.12088626353836629,False
F3 趋势分+研究增强,cagr,17583.73025181117,0.09218528838875328,-0.26255788079997777,0.5213610753117544,0.3511046330351136,-0.08769823912370156,372,0.270083869671262,1,4,0.1765264750713358,-0.13537378298846792,0.3398978439032079,0.3772431394917566,-0.09557706125201737,0.035683443329104225,False
F4 趋势+RSI2抄底,sharpe_calmar,20113.15206004858,0.11810434229889188,-0.28049602284209496,0.6316670332944295,0.4210553187250667,-0.08538330427271024,419,0.29832830965709206,1,2,0.20957959383287572,-0.11502320648917863,0.3325658606264523,0.36344403282612037,-0.05535929352884372,0.09476561515421866,False
F4 趋势+RSI2抄底,cagr_sharpe,20061.00411586133,0.11759790506899082,-0.28236150136735716,0.6295164221422489,0.41647995388717646,-0.08538330427271024,419,0.29866189406681126,1,3,0.20957959383287572,-0.11731771111467271,0.3325658606264521,0.3634440328261208,-0.055359293528841946,0.09476561515421889,False
F4 趋势+RSI2抄底,cagr,20061.00411586133,0.11759790506899082,-0.28236150136735716,0.6295164221422489,0.41647995388717646,-0.08538330427271024,419,0.29866189406681126,1,3,0.20957959383287572,-0.11731771111467271,0.3325658606264521,0.3634440328261208,-0.055359293528841946,0.09476561515421889,False
F6 海龟突破+ATR追踪,sharpe_calmar,12494.83728063467,0.028969298693070744,-0.23891585717777586,0.2828681211535831,0.12125314340904071,-0.09951255660383707,118,0.12995467452214632,0,5,0.3062218761761146,-0.14358105933604548,0.059006309194912676,0.15485243443409846,-0.08825575474988745,0.0016807222527164267,True
F6 海龟突破+ATR追踪,cagr_sharpe,15605.729489290348,0.06967535338709108,-0.2862162716664406,0.45647660278018676,0.24343603171622422,-0.12526574507459143,130,0.2055336356601612,1,3,0.24515915420463164,-0.07835647037216331,0.11005568000695054,0.3330024526241129,-0.08253141456946611,0.0016807222527168708,False
F6 海龟突破+ATR追踪,cagr,14429.211290109213,0.04955554471759016,-0.23645657105793094,0.33460268622339007,0.20957567174332933,-0.09561136891544963,152,0.19798344646658736,0,2,0.37112330937275284,-0.12950609454197548,0.07794941274872036,0.2250220633495521,-0.07935656067822561,-0.005587464151418087,True
F0 持有+趋势退出,sharpe_calmar,15614.361777263122,0.07226977737923934,-0.31342085477680803,0.45258682154403684,0.2305838181403206,-0.09066976411066896,207,0.24611667372620535,1,2,0.2254707012919659,-0.1088675861870585,0.14663045844108624,0.3582261406720071,-0.11736640220219285,0.04016694987387659,False
F0 持有+趋势退出,cagr_sharpe,15614.361777263122,0.07226977737923934,-0.31342085477680803,0.45258682154403684,0.2305838181403206,-0.09066976411066896,207,0.24611667372620535,1,2,0.2254707012919659,-0.1088675861870585,0.14663045844108624,0.3582261406720071,-0.11736640220219285,0.04016694987387659,False
F0 持有+趋势退出,cagr,17825.71931646957,0.08981156109333521,-0.31773040853794643,0.499744633068903,0.28266592897610254,-0.1044516307802027,223,0.23343924449417808,1,4,0.30632893077055456,0.0,0.14663045844108535,0.35822614067200664,-0.13621170989624376,0.014358908742076126,False
F2w 连续趋势(宽域),sharpe_calmar,17561.114482582358,0.0944828151380086,-0.17758743140614275,0.7108199059025092,0.5320354846617847,-0.07496226583174637,284,0.18142577894039041,0,2,0.10896649247376944,-0.05638037021806752,0.21194762711272674,0.3866977309227757,-0.04408706932310191,0.04460641669337462,True
F2w 连续趋势(宽域),cagr_sharpe,22571.280907388114,0.13563902719198295,-0.26419549089022243,0.6970534985776646,0.5134040203901254,-0.11218561290719775,312,0.2554661506711942,1,4,0.26637552063090997,0.0,0.26667248973137947,0.3861989502126302,-0.043904825755831656,0.061702081113717,False
F2w 连续趋势(宽域),cagr,23502.730469534756,0.14368145332211935,-0.26419549089022243,0.7276389996196507,0.5438452141555337,-0.11218561290719775,292,0.25752445902826815,1,2,0.26637552063090997,0.0,0.26667248973137947,0.4104390610789408,-0.02258587168472559,0.06281710534401452,False
