name,final,cagr,maxdd,sharpe,calmar,worst_month,trades,avg_exp,halts,y2021,y2022,y2023,y2024,y2025,y2026,pass
F2 连续趋势强度,18135.869991836127,0.10065117971241966,-0.1563868258675173,0.7287899253058994,0.6436039554743956,-0.0643514742617256,287,0.17955369666432044,0,0.12420936235498514,-0.04609972459068168,0.2370391708498516,0.3666867872302406,-0.039514156616865415,0.041465304012483495,True
F6 海龟突破+ATR追踪,12494.83728063467,0.028969298693070744,-0.23891585717777586,0.2828681211535831,0.12125314340904071,-0.09951255660383707,118,0.12995467452214632,0,0.3062218761761146,-0.14358105933604548,0.059006309194912676,0.15485243443409846,-0.08825575474988745,0.0016807222527164267,True
买入持有+同样熔断,27560.9333710424,0.17503761986471855,-0.3255549780834728,0.6576280034829494,0.5376591717170384,-0.162133202132152,169,0.47102235924722097,3,0.194121701821947,-0.02439680477078343,0.705116624282287,0.509925063031228,-0.12135607498747358,0.045802613196979314,False
F3 趋势分+研究增强,20425.218851730446,0.12111254251633086,-0.2628506631031693,0.646892627698015,0.4607655962762171,-0.07383257935842358,412,0.2860997855774681,1,0.19704113173736704,-0.1326557340279092,0.3398978439032072,0.4406491019095957,-0.08460938732970513,0.11334503787554562,False
F4 趋势+RSI2抄底,20113.15206004858,0.11810434229889188,-0.28049602284209496,0.6316670332944295,0.4210553187250667,-0.08538330427271024,419,0.29832830965709206,1,0.20957959383287572,-0.11502320648917863,0.3325658606264523,0.36344403282612037,-0.05535929352884372,0.09476561515421866,False
买入持有(无熔断),28680.611705636034,0.18323181096476437,-0.7673742001185471,0.5795773028784921,0.23877765363555092,-0.3718942971369982,1,1.0,0,0.5691247196802474,-0.643105901117244,1.5637720893095794,1.2092608550047759,-0.06277137304241609,-0.03523926361746421,False
F8 规则家族集成(无ML),16274.350823051387,0.07836733569100773,-0.2603184665291868,0.5221268937043951,0.3010440893259535,-0.06899054119389159,372,0.23244525965675017,1,0.14681008301453446,-0.14598358149244273,0.24130276251907845,0.2992932541443971,-0.042915022681531134,0.07649135368423532,False
F1 离散趋势分(V1),16770.173609379006,0.08319349503570561,-0.2716963328345292,0.519223708108066,0.306200286797293,-0.07383257935842358,370,0.22672046956625794,1,0.19704113173736704,-0.13462828179918362,0.23798418028399082,0.3222714003819993,-0.07445246650505755,0.06854141637610733,False
F7 全家族等权集成,15615.150309955765,0.0722792269368211,-0.26037415257181573,0.5058453596701606,0.2775975503823684,-0.06357277014955254,500,0.2460417247932732,1,0.16830084576042958,-0.16840663110933063,0.2601953140945845,0.4623869604364488,-0.07075477009269471,-0.06146612258310491,False
F5b ML逻辑回归(10日方向),14533.803752486943,0.06397297035392424,-0.2671677433828762,0.42120662954417815,0.2394487056854204,-0.11425471382422736,745,0.211511585107241,2,0.13910464108776144,-0.14010603880632289,0.1699846480325824,0.5081197340868258,-0.1776463937651781,0.022577385710284892,False
F5a ML梯度提升(10日方向),12493.509487597681,0.038767638453649056,-0.32667368114146134,0.29288792327585234,0.11867389597529679,-0.13586364658294536,635,0.2380738458834611,2,0.06842842514146485,-0.17380507189867977,0.07939273379547784,0.6214562133982737,-0.16286765534141545,-0.033998824494967494,False
